Workbook

Sheet 2024-04-18_profile
A1: Elev_m | B1: Temp_C | C1: TDS_mgl | D1: DO_mgl
A2: =CONVERT(Sheet1!A2,"ft","m") -> 154.5336 | B2: =CONVERT(Sheet1!B2,"F","C") -> 25.881111 | C2: 34 | D2: 10.66
A3: =CONVERT(Sheet1!A3,"ft","m") -> 153.55062 | B3: =CONVERT(Sheet1!B3,"F","C") -> 25.678333 | C3: 34 | D3: 10.6
A4: =CONVERT(Sheet1!A4,"ft","m") -> 153.14127 | B4: =CONVERT(Sheet1!B4,"F","C") -> 25.303333 | C4: 34 | D4: 10.54
A5: =CONVERT(Sheet1!A5,"ft","m") -> 151.70323 | B5: =CONVERT(Sheet1!B5,"F","C") -> 25.207222 | C5: 34 | D5: 10.46
A6: =CONVERT(Sheet1!A6,"ft","m") -> 150.71446 | B6: =CONVERT(Sheet1!B6,"F","C") -> 25.117222 | C6: 34 | D6: 10.35
A7: =CONVERT(Sheet1!A7,"ft","m") -> 150.11004 | B7: =CONVERT(Sheet1!B7,"F","C") -> 24.981667 | C7: 34 | D7: 10.28
A8: =CONVERT(Sheet1!A8,"ft","m") -> 149.003 | B8: =CONVERT(Sheet1!B8,"F","C") -> 24.900556 | C8: 34 | D8: 10.23
A9: =CONVERT(Sheet1!A9,"ft","m") -> 147.79173 | B9: =CONVERT(Sheet1!B9,"F","C") -> 22.869444 | C9: 34 | D9: 10.19
A10: =CONVERT(Sheet1!A10,"ft","m") -> 144.79981 | B10: =CONVERT(Sheet1!B10,"F","C") -> 20.735 | C10: 34 | D10: 10.17
A11: =CONVERT(Sheet1!A11,"ft","m") -> 141.9798 | B11: =CONVERT(Sheet1!B11,"F","C") -> 20.063889 | C11: 34 | D11: 10.16
A12: =CONVERT(Sheet1!A12,"ft","m") -> 138.69802 | B12: =CONVERT(Sheet1!B12,"F","C") -> 19.056111 | C12: 34 | D12: 10.15
A13: =CONVERT(Sheet1!A13,"ft","m") -> 136.00908 | B13: =CONVERT(Sheet1!B13,"F","C") -> 17.425556 | C13: 34 | D13: 10.14
... A26: =CONVERT(Sheet1!A26,"ft","m") -> 95.754139 | B26: =CONVERT(Sheet1!B26,"F","C") -> 9.535 | C26: 38 | D26: 9.84

Sheet Sheet1
A1: ft | B1: Far | E1: Elevation | F1: Temp | G1: Depth
A2: =Table1[[#This Row],[Elevation]] -> 507 | B2: =Table1[[#This Row],[Temp]] -> 78.586 | E2: =$J$2-G2 -> 507 | F2: 78.586 | G2: 0.87 | J2: 507.87
A3: =Table1[[#This Row],[Elevation]] -> 503.775 | B3: =Table1[[#This Row],[Temp]] -> 78.221 | E3: =$J$2-G3 -> 503.775 | F3: 78.221 | G3: 4.095
A4: =Table1[[#This Row],[Elevation]] -> 502.432 | B4: =Table1[[#This Row],[Temp]] -> 77.546 | E4: =$J$2-G4 -> 502.432 | F4: 77.546 | G4: 5.438
A5: =Table1[[#This Row],[Elevation]] -> 497.714 | B5: =Table1[[#This Row],[Temp]] -> 77.373 | E5: =$J$2-G5 -> 497.714 | F5: 77.373 | G5: 10.156
A6: =Table1[[#This Row],[Elevation]] -> 494.47 | B6: =Table1[[#This Row],[Temp]] -> 77.211 | E6: =$J$2-G6 -> 494.47 | F6: 77.211 | G6: 13.4
A7: =Table1[[#This Row],[Elevation]] -> 492.487 | B7: =Table1[[#This Row],[Temp]] -> 76.967 | E7: =$J$2-G7 -> 492.487 | F7: 76.967 | G7: 15.383
A8: =Table1[[#This Row],[Elevation]] -> 488.855 | B8: =Table1[[#This Row],[Temp]] -> 76.821 | E8: =$J$2-G8 -> 488.855 | F8: 76.821 | G8: 19.015
A9: =Table1[[#This Row],[Elevation]] -> 484.881 | B9: =Table1[[#This Row],[Temp]] -> 73.165 | E9: =$J$2-G9 -> 484.881 | F9: 73.165 | G9: 22.989
A10: =Table1[[#This Row],[Elevation]] -> 475.065 | B10: =Table1[[#This Row],[Temp]] -> 69.323 | E10: =$J$2-G10 -> 475.065 | F10: 69.323 | G10: 32.805
A11: =Table1[[#This Row],[Elevation]] -> 465.813 | B11: =Table1[[#This Row],[Temp]] -> 68.115 | E11: =$J$2-G11 -> 465.813 | F11: 68.115 | G11: 42.057
A12: =Table1[[#This Row],[Elevation]] -> 455.046 | B12: =Table1[[#This Row],[Temp]] -> 66.301 | E12: =$J$2-G12 -> 455.046 | F12: 66.301 | G12: 52.824
A13: =Table1[[#This Row],[Elevation]] -> 446.224 | B13: =Table1[[#This Row],[Temp]] -> 63.366 | E13: =$J$2-G13 -> 446.224 | F13: 63.366 | G13: 61.646
A14: =Table1[[#This Row],[Elevation]] -> 435.169 | B14: =Table1[[#This Row],[Temp]] -> 58.478 | E14: =$J$2-G14 -> 435.169 | F14: 58.478 | G14: 72.701
... A26: =Table1[[#This Row],[Elevation]] -> 314.154 | B26: =Table1[[#This Row],[Temp]] -> 49.163 | E26: =$J$2-G26 -> 314.154 | F26: 49.163 | G26: 193.716
