Workbook

Sheet 2026-06-11_profile
A1: Elev_m | B1: Temp_C | C1: TDS_mgl | D1: DO_mgl
A2: =CONVERT(Sheet1!A2,"ft","m") -> 174.78969 | B2: =CONVERT(Sheet1!B2,"F","C") -> 24.500556 | C2: 34 | D2: 10.66
A3: =CONVERT(Sheet1!A3,"ft","m") -> 173.6915 | B3: =CONVERT(Sheet1!B3,"F","C") -> 24.433889 | C3: 34 | D3: 10.6
A4: =CONVERT(Sheet1!A4,"ft","m") -> 172.79264 | B4: =CONVERT(Sheet1!B4,"F","C") -> 24.377778 | C4: 34 | D4: 10.54
A5: =CONVERT(Sheet1!A5,"ft","m") -> 172.27997 | B5: =CONVERT(Sheet1!B5,"F","C") -> 24.276667 | C5: 34 | D5: 10.46
A6: =CONVERT(Sheet1!A6,"ft","m") -> 171.12966 | B6: =CONVERT(Sheet1!B6,"F","C") -> 24.082222 | C6: 34 | D6: 10.35
A7: =CONVERT(Sheet1!A7,"ft","m") -> 169.94307 | B7: =CONVERT(Sheet1!B7,"F","C") -> 23.770556 | C7: 34 | D7: 10.28
A8: =CONVERT(Sheet1!A8,"ft","m") -> 169.15973 | B8: =CONVERT(Sheet1!B8,"F","C") -> 22.373333 | C8: 34 | D8: 10.23
A9: =CONVERT(Sheet1!A9,"ft","m") -> 166.52108 | B9: =CONVERT(Sheet1!B9,"F","C") -> 16.892778 | C9: 34 | D9: 10.19
A10: =CONVERT(Sheet1!A10,"ft","m") -> 162.99881 | B10: =CONVERT(Sheet1!B10,"F","C") -> 15.805 | C10: 34 | D10: 10.17
A11: =CONVERT(Sheet1!A11,"ft","m") -> 160.28121 | B11: =CONVERT(Sheet1!B11,"F","C") -> 15.313333 | C11: 34 | D11: 10.16
A12: =CONVERT(Sheet1!A12,"ft","m") -> 156.84978 | B12: =CONVERT(Sheet1!B12,"F","C") -> 14.808333 | C12: 34 | D12: 10.15
A13: =CONVERT(Sheet1!A13,"ft","m") -> 153.93558 | B13: =CONVERT(Sheet1!B13,"F","C") -> 14.439444 | C13: 34 | D13: 10.14
... A30: =CONVERT(Sheet1!A30,"ft","m") -> 105.16027 | B30: =CONVERT(Sheet1!B30,"F","C") -> 8.9611111 | C30: 38 | D30: 9.84

Sheet Sheet1
A1: ft | B1: Far | D1: Depth | G1: WSE
A2: =$G$2-D2 -> 573.457 | B2: 76.101 | D2: 0.553 | G2: 574.01
A3: =$G$2-D3 -> 569.854 | B3: 75.981 | D3: 4.156
A4: =$G$2-D4 -> 566.905 | B4: 75.88 | D4: 7.105
A5: =$G$2-D5 -> 565.223 | B5: 75.698 | D5: 8.787
A6: =$G$2-D6 -> 561.449 | B6: 75.348 | D6: 12.561
A7: =$G$2-D7 -> 557.556 | B7: 74.787 | D7: 16.454
A8: =$G$2-D8 -> 554.986 | B8: 72.272 | D8: 19.024
A9: =$G$2-D9 -> 546.329 | B9: 62.407 | D9: 27.681
A10: =$G$2-D10 -> 534.773 | B10: 60.449 | D10: 39.237
A11: =$G$2-D11 -> 525.857 | B11: 59.564 | D11: 48.153
A12: =$G$2-D12 -> 514.599 | B12: 58.655 | D12: 59.411
A13: =$G$2-D13 -> 505.038 | B13: 57.991 | D13: 68.972
A14: =$G$2-D14 -> 495.598 | B14: 57.112 | D14: 78.412
... A30: =$G$2-D30 -> 345.014 | B30: 48.13 | D30: 228.996
